{
  "digit_a": 3,
  "digit_b": 8,
  "ell": 6.0,
  "n_train_per_class": 100,
  "n_test_per_class": 50,
  "results": {
    "logit": {
      "laplace_prob": [
        0.2891484922624694,
        0.16378582061012698,
        0.12076471073166768,
        0.8146380405472546,
        0.4134451276398357,
        0.6168823251419784,
        0.286475022803584,
        0.871375927068114,
        0.5470093935206395,
        0.4866854734315217,
        0.7935802603288485,
        0.22298381916760937,
        0.6986102156414676,
        0.6781303782081589,
        0.6568231467884413,
        0.2465981707592442,
        0.35263257773267986,
        0.8047236168608823,
        0.47077703827863854,
        0.7711295684945187,
        0.24933110219275187,
        0.1978044809933409,
        0.828676921286668,
        0.5613810302754928,
        0.6075197758956032,
        0.31012924417426624,
        0.1678878901899422,
        0.28666977838450075,
        0.2823563626239574,
        0.5438833988902492,
        0.2395733572200333,
        0.7253224264310543,
        0.6597339714810927,
        0.5070885440211313,
        0.22890723853589104,
        0.2020914340334766,
        0.2287558687679346,
        0.8144325849216714,
        0.23377919326492624,
        0.7940852506612609,
        0.8281173373389391,
        0.33270315019810254,
        0.23522611666889098,
        0.15602301914738373,
        0.85864819694549,
        0.532923078038502,
        0.33371033852910814,
        0.7878523341607467,
        0.19170106306677248,
        0.5857664794054261,
        0.8373706292418718,
        0.7804979462918984,
        0.7451169635724226,
        0.3408310507836239,
        0.13956205584402806,
        0.2234611218176373,
        0.19316425692316333,
        0.2958520104109352,
        0.20695323755691364,
        0.491655479442141,
        0.2241348228054119,
        0.7434884588570969,
        0.6833951956757512,
        0.2834010042386304,
        0.7218791760383203,
        0.6960376918835386,
        0.2914094023426583,
        0.7216577051630456,
        0.41166011689581666,
        0.7665425521753286,
        0.22388131456777655,
        0.29277959338161047,
        0.7047836308876858,
        0.46328223894824677,
        0.7028756556452226,
        0.706367883894266,
        0.7334249020089157,
        0.83213368325026,
        0.7657716789769395,
        0.6693249001985164,
        0.8548893071826271,
        0.16046570053795642,
        0.6542888859226708,
        0.333130276954049,
        0.3126947450440731,
        0.6789321819946967,
        0.7574919005044116,
        0.41043147497315186,
        0.34805155625781814,
        0.7157226830300031,
        0.5563978547867986,
        0.2840526090780072,
        0.1445781442045054,
        0.14521890321581096,
        0.24754223926234445,
        0.8099276200206106,
        0.8070358164450451,
        0.7922771925403572,
        0.24773616870570986,
        0.6708984233082583
      ],
      "mcmc_prob": [
        0.31395247466333576,
        0.16656300114638195,
        0.12027213631459763,
        0.84033443721047,
        0.41666773742117164,
        0.6255858187073433,
        0.30856479049875296,
        0.8633360229376418,
        0.5221650062590233,
        0.47647896483599583,
        0.7934366250716129,
        0.21136179543340178,
        0.6988641909618785,
        0.6983937975282943,
        0.6489773183744738,
        0.2748446996703858,
        0.3322214129819214,
        0.8052808364788774,
        0.481366707406892,
        0.7797565437514257,
        0.24757740073894421,
        0.18460897102272772,
        0.8416156644998446,
        0.5736449633813118,
        0.6319811095894875,
        0.3191465759405859,
        0.15552656860423292,
        0.32389575277570287,
        0.2681447654032725,
        0.5369954890926308,
        0.24494286954728728,
        0.7232894711768856,
        0.6615686232185574,
        0.4930417021561773,
        0.23726319082133837,
        0.1941158001023667,
        0.24913666176790156,
        0.8160180492491963,
        0.21438751095702457,
        0.7981503192313311,
        0.8363477032635807,
        0.34082876494676057,
        0.25297677786144684,
        0.16376248575425925,
        0.8755335103403172,
        0.5219230127840002,
        0.3634659151513537,
        0.7914183571874637,
        0.18905390316901902,
        0.6006328601970009,
        0.8326901878685752,
        0.7953698874753773,
        0.753886540142027,
        0.3120993627116318,
        0.1364201841258685,
        0.21177857639385472,
        0.18550356667345158,
        0.295012359172148,
        0.2140272056029561,
        0.5263341144289126,
        0.22603906825851688,
        0.7675020885154403,
        0.7074124472072182,
        0.28378601654362906,
        0.682001340575197,
        0.7360357127231985,
        0.3079611214951641,
        0.7280400565822793,
        0.3911183527930766,
        0.7668466821270274,
        0.2235882021350095,
        0.2940214614920232,
        0.7023676146777248,
        0.46880480297133764,
        0.6982838191228494,
        0.7219326836011607,
        0.7387322057935115,
        0.8535245905239033,
        0.7592389275537055,
        0.6891854304981591,
        0.8452048313329947,
        0.14977239123314623,
        0.6568144269974274,
        0.3389541618671457,
        0.2975727749256053,
        0.6879971144249611,
        0.7402393412612759,
        0.44133627700227807,
        0.3586619459243226,
        0.7226381113957452,
        0.5553646148350019,
        0.28053058340039655,
        0.1413960565583097,
        0.14458409647818202,
        0.23909914441955749,
        0.8211920281586776,
        0.8209470049716766,
        0.8001188496026027,
        0.26500011163834725,
        0.6680851640501995
      ],
      "y_test": [
        0.0,
        0.0,
        0.0,
        1.0,
        0.0,
        1.0,
        0.0,
        1.0,
        1.0,
        0.0,
        1.0,
        0.0,
        1.0,
        1.0,
        1.0,
        0.0,
        0.0,
        1.0,
        0.0,
        1.0,
        0.0,
        0.0,
        1.0,
        1.0,
        1.0,
        0.0,
        0.0,
        0.0,
        0.0,
        0.0,
        0.0,
        1.0,
        1.0,
        1.0,
        0.0,
        0.0,
        0.0,
        1.0,
        0.0,
        1.0,
        1.0,
        0.0,
        0.0,
        0.0,
        1.0,
        0.0,
        0.0,
        1.0,
        0.0,
        1.0,
        1.0,
        1.0,
        1.0,
        0.0,
        0.0,
        0.0,
        0.0,
        1.0,
        0.0,
        0.0,
        0.0,
        1.0,
        1.0,
        0.0,
        1.0,
        1.0,
        0.0,
        1.0,
        0.0,
        1.0,
        0.0,
        0.0,
        1.0,
        0.0,
        1.0,
        1.0,
        1.0,
        1.0,
        1.0,
        1.0,
        1.0,
        0.0,
        1.0,
        0.0,
        0.0,
        1.0,
        1.0,
        1.0,
        0.0,
        1.0,
        1.0,
        0.0,
        0.0,
        0.0,
        0.0,
        1.0,
        1.0,
        1.0,
        0.0,
        1.0
      ],
      "mean_diff": -0.003717325703978076,
      "mean_abs_diff": 0.01156695446317265,
      "mean_conf_laplace": 0.22350989306249516,
      "mean_conf_mcmc": 0.22511998386030282
    },