{
 "dataset": "bike",
 "seed": 1,
 "kind": "matern32",
 "ard": true,
 "mode": "in-core",
 "protocol": "paper",
 "hyperopt_method": "nm",
 "n_train": 11122,
 "n_test": 3477,
 "d": 17,
 "rmse": 0.022169717138655218,
 "nll": -3.0653737355521917,
 "nll_median": -3.356512538653758,
 "n_pathological": 0,
 "coverage95": 0.993960310612597,
 "fit_s": 0.8802891850064043,
 "pred_s": 0.0015442839940078557,
 "relres": 6.645431037061696e-11,
 "ir_steps": 7,
 "converged": true,
 "lambda_max": 615.0659784937933,
 "kappa_bound": 6150239.0237551415,
 "hyperopt": {
  "evals": {
   "iso_sub": 80,
   "ard_sub": 1140,
   "lbfgsb_sub": 0,
   "full": 152
  },
  "method": "nm",
  "full_polish": true,
  "lml_full": 27465.475636164003,
  "wall_s": 542.2137092270132,
  "ell": [
   0.007421465249558242,
   2606684.554477069,
   5639193530488.384,
   8327.66236322709,
   4.535504489764805e-17,
   1962.5364403908388,
   21162821178445.664,
   0.00040434038782798554,
   83673.83054538564,
   5.172601902223008e-14,
   35903836.49487009,
   144751.4624415492,
   1171878.5667790612,
   8710.588997477547,
   492046297621.62683,
   0.920019237909336,
   0.30365228002114464
  ],
  "sigma_f": 0.6876534326923525,
  "sigma_n": 0.01000034206311734,
  "floor": 0.01
 }
}