{
 "dataset": "bike",
 "seed": 2,
 "kind": "matern32",
 "ard": true,
 "mode": "in-core",
 "protocol": "paper",
 "hyperopt_method": "nm",
 "n_train": 11122,
 "n_test": 3477,
 "d": 17,
 "rmse": 0.022365704484042185,
 "nll": -3.184533511898051,
 "nll_median": -3.4366841523090472,
 "n_pathological": 0,
 "coverage95": 0.9919470808167961,
 "fit_s": 1.1880149489734322,
 "pred_s": 0.0014410419971682131,
 "relres": 6.430100852920286e-11,
 "ir_steps": 10,
 "converged": true,
 "lambda_max": 446.29746431514394,
 "kappa_bound": 4445810.157131168,
 "hyperopt": {
  "evals": {
   "iso_sub": 80,
   "ard_sub": 1140,
   "lbfgsb_sub": 0,
   "full": 152
  },
  "method": "nm",
  "full_polish": true,
  "lml_full": 29497.340286935985,
  "wall_s": 541.4064545889851,
  "ell": [
   1.4863649382029288e-05,
   883.678352295333,
   6565.340404222103,
   372335.0050966357,
   0.0006183981220603339,
   5364000.963334593,
   686.8990500068574,
   1.1038883539384892e-15,
   240124.49033760192,
   890323120.8438632,
   188692.1956322026,
   1989991237.3947759,
   183018631089419.34,
   2354.335468129091,
   69452.48415263665,
   0.7542850419739098,
   0.262510212605343
  ],
  "sigma_f": 0.5137771901136147,
  "sigma_n": 0.010019285518340132,
  "floor": 0.01
 }
}