{
 "dataset": "bike",
 "seed": 0,
 "kind": "matern32",
 "ard": true,
 "mode": "in-core",
 "n_train": 15641,
 "n_test": 1738,
 "d": 17,
 "rmse": 0.03864412431651217,
 "nll": -2.7063351808914344,
 "nll_median": -3.227044627422408,
 "n_pathological": 2,
 "coverage95": 0.9873417721518988,
 "fit_s": 1.8833664810008486,
 "pred_s": 0.19585587899928214,
 "relres": 1.5469002435886554e-11,
 "ir_steps": 7,
 "converged": true,
 "lambda_max": 551.4457109222622,
 "kappa_bound": 5505855.676133651,
 "hyperopt": {
  "evals": {
   "iso_sub": 80,
   "ard_sub": 1140,
   "full": 152
  },
  "full_polish": true,
  "lml_full": 34447.81061122015,
  "wall_s": 623.3937027060019,
  "ell": [
   6983.528793657025,
   8614500784.022446,
   404542.2060532139,
   7070828.830044162,
   2.4509233663133883e-11,
   1984.9487872508496,
   11668912887.800747,
   2481.1242734730426,
   2257.4770806131364,
   0.014191623033515552,
   1.8041577193168636e-10,
   1951.274128693457,
   10239938.086495657,
   61644.3421501669,
   1935742257.3191502,
   0.906671905981239,
   0.2812591578943551
  ],
  "sigma_f": 0.7316064550537942,
  "sigma_n": 0.010007808119985466,
  "floor": 0.01
 }
}