{
 "dataset": "bike",
 "seed": 0,
 "kind": "matern32",
 "ard": true,
 "mode": "in-core",
 "protocol": "paper",
 "hyperopt_method": "nm",
 "n_train": 11122,
 "n_test": 3477,
 "d": 17,
 "rmse": 0.013968793202264938,
 "nll": -3.0627845037934613,
 "nll_median": -3.3616113905926768,
 "n_pathological": 0,
 "coverage95": 0.993960310612597,
 "fit_s": 0.9877000070118811,
 "pred_s": 0.18799491500249133,
 "relres": 3.217486512128955e-11,
 "ir_steps": 8,
 "converged": true,
 "lambda_max": 931.6227243831772,
 "kappa_bound": 9313985.84811942,
 "hyperopt": {
  "evals": {
   "iso_sub": 80,
   "ard_sub": 1140,
   "lbfgsb_sub": 0,
   "full": 152
  },
  "method": "nm",
  "full_polish": true,
  "lml_full": 27289.89531601069,
  "wall_s": 582.1800015339977,
  "ell": [
   6.564822122784466e-51,
   7687.104664229702,
   1266090124.2616763,
   2189040530.681656,
   3.4799017694280966e-08,
   9193.285281702538,
   1.79079312381339e+29,
   8.899911671432785e-24,
   3.238077390148266e+19,
   0.2846507069374799,
   1392086.1029356231,
   46231.321516040145,
   1463033410093.276,
   3803098.218797421,
   6647.66095209003,
   1.140932887228495,
   0.3218774490285137
  ],
  "sigma_f": 0.8268773798946025,
  "sigma_n": 0.010001203169576407,
  "floor": 0.01
 }
}