{
 "dataset": "bike",
 "seed": 1,
 "kind": "matern32",
 "ard": true,
 "mode": "in-core",
 "n_train": 15641,
 "n_test": 1738,
 "d": 17,
 "rmse": 0.020195401831125517,
 "nll": -3.0785232570489773,
 "nll_median": -3.4395272495835294,
 "n_pathological": 1,
 "coverage95": 0.9907940161104718,
 "fit_s": 1.9079042029989068,
 "pred_s": 0.001928102006786503,
 "relres": 9.753057964810997e-11,
 "ir_steps": 7,
 "converged": true,
 "lambda_max": 821.6544161878236,
 "kappa_bound": 8216544.161878236,
 "hyperopt": {
  "evals": {
   "iso_sub": 80,
   "ard_sub": 1140,
   "full": 152
  },
  "full_polish": true,
  "lml_full": 41426.65196952842,
  "wall_s": 715.5929453790013,
  "ell": [
   11.115207764873551,
   5148.37589836299,
   950485088.6380035,
   231926642.1238448,
   9.074747315310624e-07,
   137754.76312286415,
   5606.192212140001,
   4.604958466864782e-16,
   5025.853593069142,
   0.24203077008982585,
   692934030.6815336,
   66040.73270819381,
   5064.835487287807,
   1376217.0474898785,
   40506.002162328106,
   0.9611727649399854,
   0.304757952537621
  ],
  "sigma_f": 0.671143564003241,
  "sigma_n": 0.01,
  "floor": 0.01
 }
}