{
 "dataset": "bike",
 "seed": 2,
 "kind": "matern32",
 "ard": true,
 "mode": "in-core",
 "n_train": 15641,
 "n_test": 1738,
 "d": 17,
 "rmse": 0.007469977849332011,
 "nll": -3.160435185417025,
 "nll_median": -3.4764678975095977,
 "n_pathological": 3,
 "coverage95": 0.9925201380897584,
 "fit_s": 3.1716405219995067,
 "pred_s": 0.0019417430012254044,
 "relres": 6.234222645032477e-11,
 "ir_steps": 13,
 "converged": true,
 "lambda_max": 2325.7357077617244,
 "kappa_bound": 23257357.077617243,
 "hyperopt": {
  "evals": {
   "iso_sub": 80,
   "ard_sub": 1140,
   "full": 152
  },
  "full_polish": true,
  "lml_full": 42935.6340219081,
  "wall_s": 847.6111801669977,
  "ell": [
   0.07566259130467479,
   4.327327105137234e+20,
   359600.53399500856,
   907347548645948.9,
   5.930861300312043e-13,
   3.5037690862599307e+30,
   331391022.051365,
   426887622.2946903,
   7.559399003728387e+23,
   2.9203508976065474e-19,
   17567.03522606588,
   242143.40688253887,
   1553808646.56694,
   7.121432508558173e+28,
   2.876033646370892e+17,
   1.408475700656282,
   0.43549978874297857
  ],
  "sigma_f": 1.0000000000000409,
  "sigma_n": 0.01,
  "floor": 0.01
 }
}