{
 "dataset": "elevators",
 "seed": 1,
 "kind": "matern32",
 "ard": true,
 "mode": "in-core",
 "n_train": 14939,
 "n_test": 1660,
 "d": 18,
 "rmse": 0.357448612135344,
 "nll": 0.3954132841309979,
 "nll_median": 0.06883833619100588,
 "n_pathological": 0,
 "coverage95": 0.9421686746987952,
 "fit_s": 1.2129014739984996,
 "pred_s": 0.001766429006238468,
 "relres": 9.962808536082133e-13,
 "ir_steps": 4,
 "converged": true,
 "lambda_max": 7321.7761232869525,
 "kappa_bound": 64917.283245620216,
 "hyperopt": {
  "evals": {
   "iso_sub": 80,
   "ard_sub": 1200,
   "full": 160
  },
  "full_polish": true,
  "lml_full": -6210.4859259999685,
  "wall_s": 561.1069572490014,
  "ell": [
   9.487757494662896,
   19.389402959860494,
   8.70967356452881,
   38.04895520344338,
   22.27962143775135,
   2.1382656533444093,
   13.605547286757563,
   2.5165050312863397,
   115.93293586222227,
   5.289238958917355,
   7.56159456448461,
   6.045675871251331,
   5.219177874417129,
   38.97268452708374,
   25.080385713559608,
   49.55143475160793,
   4.618977819357948,
   1.3901149306541722
  ],
  "sigma_f": 0.9999999999999999,
  "sigma_n": 0.3358366231641215,
  "floor": 0.001
 }
}