{
 "dataset": "elevators",
 "seed": 1,
 "kind": "matern32",
 "ard": true,
 "mode": "in-core",
 "protocol": "paper",
 "hyperopt_method": "nm",
 "n_train": 10623,
 "n_test": 3321,
 "d": 18,
 "rmse": 0.35720829347272137,
 "nll": 0.3748259500671276,
 "nll_median": 0.088985406946675,
 "n_pathological": 0,
 "coverage95": 0.9527250828063836,
 "fit_s": 0.465116941020824,
 "pred_s": 0.0014349810080602765,
 "relres": 6.705798787053798e-11,
 "ir_steps": 3,
 "converged": true,
 "lambda_max": 5347.68877949034,
 "kappa_bound": 47786.164769042145,
 "hyperopt": {
  "evals": {
   "iso_sub": 78,
   "ard_sub": 1200,
   "lbfgsb_sub": 0,
   "full": 160
  },
  "method": "nm",
  "full_polish": true,
  "lml_full": -4586.856867649088,
  "wall_s": 465.1777094359859,
  "ell": [
   9.83340190548273,
   24.757020654442133,
   8.226789517761677,
   21.314053795061103,
   20.874951696966644,
   2.2963766660867524,
   13.38739380913878,
   2.5494949735932186,
   101.96246291073867,
   3.0983147274856795,
   6.623908110044113,
   4.496543686100694,
   1.5923832993322435,
   34.200788793251796,
   9.233099784129228,
   37.2175334105975,
   1.2850847953835167,
   179.29223543145267
  ],
  "sigma_f": 1.0,
  "sigma_n": 0.3345276149407264,
  "floor": 0.001
 }
}