{
 "dataset": "elevators",
 "seed": 2,
 "kind": "matern32",
 "ard": true,
 "mode": "in-core",
 "protocol": "paper",
 "hyperopt_method": "nm",
 "n_train": 10623,
 "n_test": 3321,
 "d": 18,
 "rmse": 0.3556229635565928,
 "nll": 0.38228546121218693,
 "nll_median": 0.062352170537226845,
 "n_pathological": 0,
 "coverage95": 0.9470039144835892,
 "fit_s": 0.559628241986502,
 "pred_s": 0.0014377810002770275,
 "relres": 6.084290292885504e-13,
 "ir_steps": 4,
 "converged": true,
 "lambda_max": 5317.7038566591455,
 "kappa_bound": 47944.567231098445,
 "hyperopt": {
  "evals": {
   "iso_sub": 74,
   "ard_sub": 1200,
   "lbfgsb_sub": 0,
   "full": 160
  },
  "method": "nm",
  "full_polish": true,
  "lml_full": -4467.942184903462,
  "wall_s": 457.8851901399903,
  "ell": [
   10.019583516172858,
   20.18618389267853,
   8.321880231221707,
   25.328944938070666,
   24.60451487357917,
   2.205747275027321,
   16.302705379170188,
   2.5131349249046164,
   147.23034157422796,
   3.993354658090132,
   892.0183309249379,
   6.171336918290694,
   1.6910863195010661,
   44.42928509592309,
   0.5724489791941371,
   50.94084460527375,
   2.2598817445648685,
   2.5973740710885385
  ],
  "sigma_f": 0.9999999999999996,
  "sigma_n": 0.33303691311337125,
  "floor": 0.001
 }
}