{
 "dataset": "elevators",
 "seed": 2,
 "kind": "matern32",
 "ard": true,
 "mode": "in-core",
 "protocol": "paper",
 "hyperopt_method": "hybrid",
 "n_train": 10623,
 "n_test": 3321,
 "d": 18,
 "rmse": 0.355549512890584,
 "nll": 0.38225533053882177,
 "nll_median": 0.05955260264768973,
 "n_pathological": 0,
 "coverage95": 0.9467028003613369,
 "fit_s": 0.7668640099582262,
 "pred_s": 0.0014566419995389879,
 "relres": 1.5779224902870567e-11,
 "ir_steps": 6,
 "converged": true,
 "lambda_max": 43345.9961207853,
 "kappa_bound": 388123.7559900156,
 "hyperopt": {
  "evals": {
   "iso_sub": 74,
   "ard_sub": 1200,
   "lbfgsb_sub": 1219,
   "full": 160
  },
  "method": "hybrid",
  "full_polish": true,
  "lml_full": -4411.559587564554,
  "wall_s": 871.3460141850228,
  "ell": [
   19.756076441396583,
   42.23471594380575,
   15.987327833102587,
   66.66236791181474,
   58.62262793596555,
   4.115098621289516,
   33.05696970991036,
   4.809514397615308,
   271.5318119733568,
   9.762303331464242,
   428.47992247448076,
   7.6459870507581655,
   5.759955117409801,
   121.31235363369495,
   0.5671171867531607,
   113.06407645493489,
   2.2810839194265125,
   2.8013865484595906
  ],
  "sigma_f": 2.384713927710873,
  "sigma_n": 0.3341868687729592,
  "floor": 0.001
 }
}