{
 "dataset": "elevators",
 "seed": 1,
 "kind": "matern32",
 "ard": true,
 "mode": "in-core",
 "protocol": "paper",
 "hyperopt_method": "hybrid",
 "n_train": 10623,
 "n_test": 3321,
 "d": 18,
 "rmse": 0.3563528950499499,
 "nll": 0.3718144562278974,
 "nll_median": 0.09018320564916546,
 "n_pathological": 0,
 "coverage95": 0.9542306534176452,
 "fit_s": 0.6638379769865423,
 "pred_s": 0.0013259800034575164,
 "relres": 4.574165117659754e-11,
 "ir_steps": 5,
 "converged": true,
 "lambda_max": 47026.73475526491,
 "kappa_bound": 413080.8063902453,
 "hyperopt": {
  "evals": {
   "iso_sub": 78,
   "ard_sub": 1200,
   "lbfgsb_sub": 1114,
   "full": 160
  },
  "method": "hybrid",
  "full_polish": true,
  "lml_full": -4528.693434240911,
  "wall_s": 902.9947042730055,
  "ell": [
   20.163591496714087,
   58.40364363505571,
   15.97182517384469,
   62.77581266660373,
   42.4857106306019,
   4.515169602859263,
   25.231180199358054,
   5.018902093278308,
   265.4686264004428,
   5.75686180595307,
   14.585609582345793,
   13.855632139080694,
   2.7520306338469447,
   87.32968693253345,
   10.100708415953765,
   99.8777628548793,
   1.2677738481707401,
   134.62208254886406
  ],
  "sigma_f": 2.46240568820429,
  "sigma_n": 0.3374076339923814,
  "floor": 0.001
 }
}