{
 "dataset": "elevators",
 "seed": 0,
 "kind": "matern32",
 "ard": true,
 "mode": "in-core",
 "protocol": "paper",
 "hyperopt_method": "nm",
 "n_train": 10623,
 "n_test": 3321,
 "d": 18,
 "rmse": 0.353572391847797,
 "nll": 0.37107909431233893,
 "nll_median": 0.07545717833130011,
 "n_pathological": 0,
 "coverage95": 0.9500150557061127,
 "fit_s": 0.45982175300014205,
 "pred_s": 0.1700352350017056,
 "relres": 8.634717361190117e-11,
 "ir_steps": 3,
 "converged": true,
 "lambda_max": 5245.696664827465,
 "kappa_bound": 46862.31313746174,
 "hyperopt": {
  "evals": {
   "iso_sub": 72,
   "ard_sub": 1200,
   "lbfgsb_sub": 0,
   "full": 160
  },
  "method": "nm",
  "full_polish": true,
  "lml_full": -4583.994539191281,
  "wall_s": 472.29763474300853,
  "ell": [
   11.384748253534937,
   18.743740766249275,
   8.142957130789593,
   22.432473849054855,
   29.794420209438275,
   2.148291921220727,
   15.379680051281468,
   2.48614996482764,
   111.88812082855472,
   5.320776658449998,
   824.7134435475025,
   4.756685060829978,
   1.561245196077575,
   39.93422305148435,
   1.5304360185874173,
   49.630344343569725,
   0.8014377090703698,
   2.678696129751569
  ],
  "sigma_f": 1.002449659216686,
  "sigma_n": 0.334572102860582,
  "floor": 0.001
 }
}