{
 "dataset": "elevators",
 "seed": 0,
 "kind": "matern32",
 "ard": true,
 "mode": "in-core",
 "n_train": 14939,
 "n_test": 1660,
 "d": 18,
 "rmse": 0.3549465456271994,
 "nll": 0.3864439342860211,
 "nll_median": 0.06891336215437191,
 "n_pathological": 0,
 "coverage95": 0.9481927710843373,
 "fit_s": 1.2012331560035818,
 "pred_s": 0.18258935199992266,
 "relres": 5.01866789243287e-13,
 "ir_steps": 4,
 "converged": true,
 "lambda_max": 6737.071382287256,
 "kappa_bound": 62178.673319798225,
 "hyperopt": {
  "evals": {
   "iso_sub": 80,
   "ard_sub": 1200,
   "full": 160
  },
  "full_polish": true,
  "lml_full": -6136.006019009477,
  "wall_s": 528.6971081049996,
  "ell": [
   9.500031756582962,
   18.90345413160622,
   8.189946614441956,
   23.780054646988876,
   16.587158124728237,
   1.9368200579698232,
   14.407517750816915,
   2.4064577582899798,
   82.44036903821029,
   2.9389952956098844,
   8.834323193437323,
   5.563503376177765,
   1.3537636876325756,
   28.99485431066084,
   1.866669663735486,
   39.515764924175116,
   3.569763056395463,
   7.5198879342493194
  ],
  "sigma_f": 0.9868413915684071,
  "sigma_n": 0.329165908095297,
  "floor": 0.001
 }
}