{
 "dataset": "elevators",
 "seed": 0,
 "kind": "matern32",
 "ard": true,
 "mode": "in-core",
 "protocol": "paper",
 "hyperopt_method": "hybrid",
 "n_train": 10623,
 "n_test": 3321,
 "d": 18,
 "rmse": 0.35319368125748507,
 "nll": 0.37020820736367255,
 "nll_median": 0.07806237602965505,
 "n_pathological": 0,
 "coverage95": 0.9515206263173743,
 "fit_s": 0.7621306910004932,
 "pred_s": 0.17404268300742842,
 "relres": 3.353497114839016e-11,
 "ir_steps": 6,
 "converged": true,
 "lambda_max": 66629.35859731327,
 "kappa_bound": 587465.3305341577,
 "hyperopt": {
  "evals": {
   "iso_sub": 72,
   "ard_sub": 1200,
   "lbfgsb_sub": 1219,
   "full": 160
  },
  "method": "hybrid",
  "full_polish": true,
  "lml_full": -4519.422389393172,
  "wall_s": 960.530735776003,
  "ell": [
   26.05061653425996,
   57.6699873499536,
   17.689002645193053,
   75.4490476082452,
   61.97152061493371,
   4.540908011999526,
   33.12765689650391,
   5.259247331974554,
   316.1563009123678,
   13.84561227269533,
   347.72912563455867,
   12.980266500804131,
   4.754932966590331,
   121.92503745476024,
   1.519011773564058,
   142.98021927608423,
   0.8005515639071886,
   2.9747036956672446
  ],
  "sigma_f": 2.912887819527755,
  "sigma_n": 0.33677643509698435,
  "floor": 0.001
 }
}