{
 "dataset": "elevators",
 "seed": 2,
 "kind": "matern32",
 "ard": true,
 "mode": "in-core",
 "n_train": 14939,
 "n_test": 1660,
 "d": 18,
 "rmse": 0.34901898603470977,
 "nll": 0.3645290920465359,
 "nll_median": 0.06481537014898175,
 "n_pathological": 0,
 "coverage95": 0.9463855421686747,
 "fit_s": 1.2146505330019863,
 "pred_s": 0.0019143420067848638,
 "relres": 1.2549429941121385e-12,
 "ir_steps": 4,
 "converged": true,
 "lambda_max": 7320.006907083786,
 "kappa_bound": 65765.38463134968,
 "hyperopt": {
  "evals": {
   "iso_sub": 69,
   "ard_sub": 1200,
   "full": 160
  },
  "full_polish": true,
  "lml_full": -6185.433327145094,
  "wall_s": 559.2050294720029,
  "ell": [
   9.964753994969053,
   22.126561569561435,
   8.863754794954735,
   33.31939268497251,
   24.98513098291659,
   2.1592214621956174,
   13.404102961392343,
   2.5034327401817564,
   162.12340245794752,
   3.993594565117516,
   25.902562936203665,
   6.575613674089453,
   1.464664444997176,
   41.58119054651989,
   0.9227761923517954,
   51.91389084051363,
   0.39426928486040047,
   3.1996983527759606
  ],
  "sigma_f": 1.0,
  "sigma_n": 0.3336238295792502,
  "floor": 0.001
 }
}