{
 "dataset": "kin40k",
 "seed": 2,
 "kind": "matern32",
 "ard": true,
 "n_train": 36000,
 "n_test": 4000,
 "d": 8,
 "rmse": 0.0681560435335229,
 "nll": -1.2916017445531114,
 "coverage95": 0.9735,
 "fit_s": 6.622593220999988,
 "pred_s": 0.002342275001865346,
 "relres": 5.619299692633273e-11,
 "ir_steps": 6,
 "converged": true,
 "lambda_max": 18233.106689726632,
 "kappa_bound": 267300573.24710172,
 "hyperopt": {
  "evals": {
   "iso_sub": 80,
   "ard_sub": 600,
   "full": 80
  },
  "lml_full": 31468.255465006267,
  "wall_s": 598.2916582969992,
  "ell": [
   6.962768081851036,
   6.2654365429806225,
   3.6462383990534937,
   4.256075851042478,
   4.363860823653563,
   3.045740450685242,
   2.8879466629817827,
   4.234805700724512
  ],
  "sigma_f": 1.0,
  "sigma_n": 0.008259055633233413,
  "floor": 0.001
 }
}