{
 "dataset": "kin40k",
 "seed": 0,
 "kind": "matern32",
 "ard": true,
 "mode": "in-core",
 "protocol": "paper",
 "hyperopt_method": "nm",
 "n_train": 25600,
 "n_test": 8000,
 "d": 8,
 "rmse": 0.07728534134036286,
 "nll": -1.1701203062647214,
 "nll_median": -1.3714532608545906,
 "n_pathological": 0,
 "coverage95": 0.974375,
 "fit_s": 3.347384083986981,
 "pred_s": 1.0654791170090903,
 "relres": 5.109685262289957e-12,
 "ir_steps": 6,
 "converged": true,
 "lambda_max": 12685.684607605557,
 "kappa_bound": 664140085.3148849,
 "hyperopt": {
  "evals": {
   "iso_sub": 80,
   "ard_sub": 600,
   "lbfgsb_sub": 0,
   "full": 80
  },
  "method": "nm",
  "full_polish": true,
  "lml_full": 18616.258338126147,
  "wall_s": 354.4078583419905,
  "ell": [
   6.14048830119614,
   6.045109069193036,
   3.43340255483867,
   4.055253336888263,
   3.9076857692231055,
   3.082773621244175,
   2.956287065475749,
   4.488689166700309
  ],
  "sigma_f": 1.0005224832383166,
  "sigma_n": 0.0043704595802078515,
  "floor": 0.001
 }
}