{
 "dataset": "kin40k",
 "seed": 1,
 "kind": "matern32",
 "ard": true,
 "n_train": 36000,
 "n_test": 4000,
 "d": 8,
 "rmse": 0.06428258324995302,
 "nll": -1.3400693723727537,
 "coverage95": 0.9735,
 "fit_s": 7.244607495002128,
 "pred_s": 0.0024285430008603726,
 "relres": 5.435274462042521e-12,
 "ir_steps": 7,
 "converged": true,
 "lambda_max": 18689.13966383622,
 "kappa_bound": 708192116.5107853,
 "hyperopt": {
  "evals": {
   "iso_sub": 80,
   "ard_sub": 600,
   "full": 80
  },
  "lml_full": 31609.512849714345,
  "wall_s": 597.2012421190011,
  "ell": [
   6.429864007148799,
   6.375636492895081,
   3.807481115283419,
   4.164471738049121,
   4.318502149645927,
   2.923924010010924,
   3.2503186115607323,
   4.7760868323369055
  ],
  "sigma_f": 0.9993344954301799,
  "sigma_n": 0.005137112903854486,
  "floor": 0.001
 }
}