{
 "dataset": "kin40k",
 "seed": 1,
 "kind": "matern32",
 "ard": true,
 "mode": "in-core",
 "protocol": "paper",
 "hyperopt_method": "nm",
 "n_train": 25600,
 "n_test": 8000,
 "d": 8,
 "rmse": 0.07971922137704365,
 "nll": -1.1658069254877546,
 "nll_median": -1.3836583925954993,
 "n_pathological": 0,
 "coverage95": 0.96875,
 "fit_s": 3.335612183000194,
 "pred_s": 0.004266021976945922,
 "relres": 7.28415384052063e-12,
 "ir_steps": 6,
 "converged": true,
 "lambda_max": 12935.694137884955,
 "kappa_bound": 155352674.47494635,
 "hyperopt": {
  "evals": {
   "iso_sub": 80,
   "ard_sub": 600,
   "lbfgsb_sub": 0,
   "full": 80
  },
  "method": "nm",
  "full_polish": true,
  "lml_full": 18633.869356885672,
  "wall_s": 353.12309695998556,
  "ell": [
   6.453702044798411,
   6.062950797664057,
   3.4478536602557415,
   3.987566038085794,
   4.221536194858097,
   3.217334953444321,
   3.1397388957224974,
   4.074551918300498
  ],
  "sigma_f": 1.0007143881637555,
  "sigma_n": 0.009125055235111895,
  "floor": 0.001
 }
}