{
 "dataset": "kin40k",
 "seed": 2,
 "kind": "matern32",
 "ard": true,
 "mode": "in-core",
 "protocol": "paper",
 "hyperopt_method": "nm",
 "n_train": 25600,
 "n_test": 8000,
 "d": 8,
 "rmse": 0.08008069089653,
 "nll": -1.161761816809344,
 "nll_median": -1.3765628844652966,
 "n_pathological": 0,
 "coverage95": 0.972,
 "fit_s": 3.337751407001633,
 "pred_s": 0.004399934987304732,
 "relres": 6.913654322280998e-12,
 "ir_steps": 6,
 "converged": true,
 "lambda_max": 12672.294364410896,
 "kappa_bound": 580404600.3996433,
 "hyperopt": {
  "evals": {
   "iso_sub": 80,
   "ard_sub": 600,
   "lbfgsb_sub": 0,
   "full": 80
  },
  "method": "nm",
  "full_polish": true,
  "lml_full": 18576.860519239413,
  "wall_s": 353.60438707401045,
  "ell": [
   6.294402897938229,
   6.104236431894993,
   3.402685741495933,
   3.947936355996716,
   4.116990149832351,
   3.1326003107149454,
   2.953186809169427,
   4.222123835476943
  ],
  "sigma_f": 1.000147735870513,
  "sigma_n": 0.004672638717763132,
  "floor": 0.001
 }
}