{
 "dataset": "kin40k",
 "seed": 0,
 "kind": "matern32",
 "ard": true,
 "n_train": 36000,
 "n_test": 4000,
 "d": 8,
 "rmse": 0.06385826500797807,
 "nll": -1.3237212112164056,
 "coverage95": 0.975,
 "fit_s": 6.585475013998803,
 "pred_s": 0.9417769940009748,
 "relres": 6.309662709297452e-11,
 "ir_steps": 6,
 "converged": true,
 "lambda_max": 18484.491349270127,
 "kappa_bound": 265412898.24677458,
 "hyperopt": {
  "evals": {
   "iso_sub": 71,
   "ard_sub": 600,
   "full": 80
  },
  "lml_full": 31453.096925261663,
  "wall_s": 596.3578373899982,
  "ell": [
   6.562349384175438,
   5.72789622917098,
   3.5958121750306926,
   4.163333221129817,
   4.343898460055368,
   3.1932328714525595,
   3.0009119435222353,
   4.625121969242524
  ],
  "sigma_f": 1.000705207623869,
  "sigma_n": 0.008345315112441225,
  "floor": 0.001
 }
}