{
 "dataset": "pol",
 "seed": 2,
 "kind": "matern32",
 "ard": true,
 "mode": "in-core",
 "n_train": 13500,
 "n_test": 1500,
 "d": 26,
 "rmse": 0.11563413558018734,
 "nll": -0.959351961420125,
 "nll_median": -1.2665246913022121,
 "n_pathological": 0,
 "coverage95": 0.9446666666666667,
 "fit_s": 1.7717418009997346,
 "pred_s": 0.001672637001320254,
 "relres": 3.547851966437858e-11,
 "ir_steps": 6,
 "converged": true,
 "lambda_max": 3934.6134584976066,
 "kappa_bound": 3189231.979891459,
 "hyperopt": {
  "evals": {
   "iso_sub": 80,
   "ard_sub": 1680,
   "full": 224
  },
  "full_polish": true,
  "lml_full": 9716.836467477453,
  "wall_s": 1120.0150758050004,
  "ell": [
   1.0342892624568174,
   1.164287100982959,
   2.8269816104397876,
   2.3100857493787443,
   0.9684106916399154,
   11.162160605544756,
   12.374310758304771,
   25.035981802505177,
   27.648859756502542,
   15.936240829024474,
   8.329642084250457,
   5.23066738914911,
   9.910152668855304,
   5.691412816472633,
   7.731967281866987,
   5.292332738097953,
   6.097698784481388,
   3.3444362668226617,
   1.4725972663184688,
   5.380190998554301,
   1.1980218377293446,
   0.6325886176828172,
   4.899115533062172,
   8.394129805090822,
   0.5803459924487437,
   0.598719778351806
  ],
  "sigma_f": 1.0,
  "sigma_n": 0.035124324551407536,
  "floor": 0.001
 }
}