{
 "dataset": "pol",
 "seed": 1,
 "kind": "matern32",
 "ard": true,
 "mode": "in-core",
 "protocol": "paper",
 "hyperopt_method": "hybrid",
 "n_train": 9600,
 "n_test": 3000,
 "d": 26,
 "rmse": 0.07925686781433307,
 "nll": -1.1705471325793266,
 "nll_median": -1.6351893890983928,
 "n_pathological": 1,
 "coverage95": 0.9216666666666666,
 "fit_s": 0.6061347720096819,
 "pred_s": 0.0015536739956587553,
 "relres": 6.477855537054454e-13,
 "ir_steps": 4,
 "converged": true,
 "lambda_max": 316.2285122492771,
 "kappa_bound": 202325.49504229735,
 "hyperopt": {
  "evals": {
   "iso_sub": 80,
   "ard_sub": 1680,
   "lbfgsb_sub": 1683,
   "full": 224
  },
  "method": "hybrid",
  "full_polish": true,
  "lml_full": 9540.3406875106,
  "wall_s": 1498.3578775450005,
  "ell": [
   0.6421812802014529,
   0.7435059504778891,
   1.6176882855865882,
   2.532779908493242,
   2.0665530864650856,
   5.184764229712835,
   5.116228234011436,
   9.288516727163609,
   77.77916664355415,
   8.905965531636264,
   4.854497377318238,
   4.041299441523178,
   7.718238610570245,
   40.79712461970253,
   57.42672356017436,
   5.5849264494213715,
   30.76546566940193,
   62.403671789472504,
   9.408062476412274,
   26.58018216433196,
   14.414459372543288,
   59.55230454294849,
   78.39712115104255,
   19.794211383013415,
   26.019131442056292,
   55.40125465320216
  ],
  "sigma_f": 0.41168895718303644,
  "sigma_n": 0.03953440496450303,
  "floor": 0.001
 }
}