{
 "dataset": "pol",
 "seed": 0,
 "kind": "matern32",
 "ard": true,
 "mode": "in-core",
 "protocol": "paper",
 "hyperopt_method": "hybrid",
 "n_train": 9600,
 "n_test": 3000,
 "d": 26,
 "rmse": 0.07544812343389926,
 "nll": -1.2406038115871263,
 "nll_median": -1.6396356307947937,
 "n_pathological": 0,
 "coverage95": 0.933,
 "fit_s": 0.6087230530101806,
 "pred_s": 0.1713897010195069,
 "relres": 7.484852236605871e-13,
 "ir_steps": 4,
 "converged": true,
 "lambda_max": 317.3712041360581,
 "kappa_bound": 208048.74767658924,
 "hyperopt": {
  "evals": {
   "iso_sub": 80,
   "ard_sub": 1680,
   "lbfgsb_sub": 1712,
   "full": 224
  },
  "method": "hybrid",
  "full_polish": true,
  "lml_full": 9527.1661375436,
  "wall_s": 1601.7974259449984,
  "ell": [
   0.6279879594109723,
   0.7384430429313238,
   1.592014034781624,
   2.439128016078456,
   2.0037040283028587,
   5.0209439896883765,
   4.896085325248889,
   8.48304562983819,
   92.42852149404837,
   9.42874285733972,
   5.166199407206984,
   4.453907317034319,
   8.138935300883686,
   70.43302163299867,
   104.90642242187191,
   6.074515045471122,
   28.514200844906703,
   68.43155524347412,
   10.406967767025117,
   51.965781199004944,
   18.183106369406868,
   71.26616980177386,
   430.24918415275215,
   12.929077626687405,
   46.26343865781612,
   89.4235590501136
  ],
  "sigma_f": 0.4154059131605922,
  "sigma_n": 0.03905720910218514,
  "floor": 0.001
 }
}