{
 "dataset": "pol",
 "seed": 2,
 "kind": "matern32",
 "ard": true,
 "mode": "in-core",
 "protocol": "paper",
 "hyperopt_method": "nm",
 "n_train": 9600,
 "n_test": 3000,
 "d": 26,
 "rmse": 0.09853412961475415,
 "nll": -0.9257475966368932,
 "nll_median": -1.1261281997820705,
 "n_pathological": 0,
 "coverage95": 0.9566666666666667,
 "fit_s": 0.829072588996496,
 "pred_s": 0.0015354439965449274,
 "relres": 5.966687553623414e-12,
 "ir_steps": 6,
 "converged": true,
 "lambda_max": 2639.4057632342447,
 "kappa_bound": 1904804.565327264,
 "hyperopt": {
  "evals": {
   "iso_sub": 72,
   "ard_sub": 1680,
   "lbfgsb_sub": 0,
   "full": 224
  },
  "method": "nm",
  "full_polish": true,
  "lml_full": 6407.632283115381,
  "wall_s": 952.4285258580057,
  "ell": [
   0.9612096280286548,
   1.000786212496156,
   2.0640821556840736,
   1.9535024635046294,
   1.6239073208476387,
   11.835724377738863,
   10.282366105397445,
   28.059956491192786,
   27.10107738300756,
   15.172233031503774,
   8.22073926458183,
   7.255416601197124,
   5.681344274979961,
   5.630254968589487,
   3.1002190591100134,
   4.621124960963523,
   3.2132255113638055,
   2.074761140736375,
   4.470636829380351,
   2.3050834003795218,
   4.049060122815086,
   1.7325740397618183,
   5.637941538928032,
   3.500003566502327,
   1.9478020051844396,
   0.9130019390105507
  ],
  "sigma_f": 1.0000000000000002,
  "sigma_n": 0.03722441391640557,
  "floor": 0.001
 }
}