{
 "dataset": "pol",
 "seed": 1,
 "kind": "matern32",
 "ard": true,
 "mode": "in-core",
 "protocol": "paper",
 "hyperopt_method": "nm",
 "n_train": 9600,
 "n_test": 3000,
 "d": 26,
 "rmse": 0.11560537233136761,
 "nll": -0.8459870030712211,
 "nll_median": -1.04507733214279,
 "n_pathological": 0,
 "coverage95": 0.9533333333333334,
 "fit_s": 0.709326615993632,
 "pred_s": 0.0014408720016945153,
 "relres": 7.675353524280076e-11,
 "ir_steps": 5,
 "converged": true,
 "lambda_max": 2762.1566442007634,
 "kappa_bound": 2047458.6506261302,
 "hyperopt": {
  "evals": {
   "iso_sub": 80,
   "ard_sub": 1680,
   "lbfgsb_sub": 0,
   "full": 224
  },
  "method": "nm",
  "full_polish": true,
  "lml_full": 6087.620439842216,
  "wall_s": 899.3200134370127,
  "ell": [
   1.02399825654833,
   1.231361569467916,
   2.5651392139931253,
   2.0110805968483936,
   1.5312311379877834,
   11.659630587768088,
   12.156903021296422,
   33.30311820920165,
   19.866930115004614,
   13.587744261242666,
   6.547588083896609,
   3.9360958332973364,
   4.709103070009642,
   5.1375678567131216,
   2.186051285378572,
   3.7679160212556297,
   3.0228792892261747,
   5.223736433916538,
   3.847894746362509,
   1.4834792967669985,
   1.3711610985007658,
   2.0701923627335312,
   5.361543839968419,
   2.771983203449873,
   1.6290231992572881,
   0.7746521897617402
  ],
  "sigma_f": 1.0,
  "sigma_n": 0.036729632431124426,
  "floor": 0.001
 }
}