{
 "dataset": "pol",
 "seed": 2,
 "kind": "matern32",
 "ard": true,
 "mode": "in-core",
 "protocol": "paper",
 "hyperopt_method": "hybrid",
 "n_train": 9600,
 "n_test": 3000,
 "d": 26,
 "rmse": 0.07183738934446218,
 "nll": -1.2611771790142168,
 "nll_median": -1.6319022530510174,
 "n_pathological": 0,
 "coverage95": 0.931,
 "fit_s": 0.6042872719699517,
 "pred_s": 0.00141544098732993,
 "relres": 7.862981860419534e-13,
 "ir_steps": 4,
 "converged": true,
 "lambda_max": 316.20955520699926,
 "kappa_bound": 207399.0563962012,
 "hyperopt": {
  "evals": {
   "iso_sub": 72,
   "ard_sub": 1680,
   "lbfgsb_sub": 1770,
   "full": 224
  },
  "method": "hybrid",
  "full_polish": true,
  "lml_full": 9565.720834467878,
  "wall_s": 1600.908304991026,
  "ell": [
   0.6421790726767113,
   0.7427075916321949,
   1.4686630078629068,
   2.611138883440637,
   1.963799930558815,
   4.998953016004955,
   5.025138633007302,
   9.471961088405147,
   68.70496463428323,
   9.153374148690284,
   4.861896572118864,
   4.551454638386282,
   8.442350332872362,
   54.75160033949875,
   79.37515751359034,
   6.838353205510214,
   62.974863111248624,
   45.16476731705183,
   27.978147112097375,
   23.722408595034967,
   23.455877519244154,
   90.04427078782997,
   120.0613877274975,
   31.15326497741733,
   48.36668392840851,
   6.527374246972791
  ],
  "sigma_f": 0.41408243451594684,
  "sigma_n": 0.039046679397455014,
  "floor": 0.001
 }
}