{
 "dataset": "pol",
 "seed": 0,
 "kind": "matern32",
 "ard": true,
 "mode": "in-core",
 "n_train": 13500,
 "n_test": 1500,
 "d": 26,
 "rmse": 0.15763668317267748,
 "nll": -0.946266883562464,
 "nll_median": -1.3360176442961456,
 "n_pathological": 0,
 "coverage95": 0.94,
 "fit_s": 1.774644837998494,
 "pred_s": 0.17828406299668131,
 "relres": 1.0070011674203044e-11,
 "ir_steps": 6,
 "converged": true,
 "lambda_max": 4140.675200666857,
 "kappa_bound": 2981926.25274606,
 "hyperopt": {
  "evals": {
   "iso_sub": 80,
   "ard_sub": 1680,
   "full": 224
  },
  "full_polish": true,
  "lml_full": 10608.129218559538,
  "wall_s": 1097.9478389270007,
  "ell": [
   1.0821327271644001,
   1.1993672392014423,
   5.494908241806245,
   3.2299055149960494,
   0.8261787182359155,
   9.514128143195547,
   10.281223312962569,
   21.95765195532183,
   81.2980640716693,
   17.125762862798233,
   7.73944606472733,
   7.807206873813078,
   14.373500203456736,
   8.2225939269891,
   12.84691943303153,
   3.1540767905175486,
   2.63618728262492,
   5.243985534784994,
   4.451831815233274,
   9.387609043388759,
   10.488903902504129,
   9.131670516959247,
   3.3736882871830627,
   0.8534362521792159,
   0.050843004168549165,
   0.06608906643943434
  ],
  "sigma_f": 1.0028212285339055,
  "sigma_n": 0.03726379940753209,
  "floor": 0.001
 }
}