{
 "dataset": "pol",
 "seed": 0,
 "kind": "matern32",
 "ard": true,
 "mode": "in-core",
 "protocol": "paper",
 "hyperopt_method": "nm",
 "n_train": 9600,
 "n_test": 3000,
 "d": 26,
 "rmse": 0.14359754683956286,
 "nll": -0.8997608137983404,
 "nll_median": -1.204712779799272,
 "n_pathological": 0,
 "coverage95": 0.9506666666666667,
 "fit_s": 0.7155779520107899,
 "pred_s": 0.17035610298626125,
 "relres": 2.5911420998340528e-11,
 "ir_steps": 5,
 "converged": true,
 "lambda_max": 2771.1534554919963,
 "kappa_bound": 2038030.585799697,
 "hyperopt": {
  "evals": {
   "iso_sub": 80,
   "ard_sub": 1680,
   "lbfgsb_sub": 0,
   "full": 224
  },
  "method": "nm",
  "full_polish": true,
  "lml_full": 6382.457818142791,
  "wall_s": 941.5627239719906,
  "ell": [
   1.0300027402974619,
   1.0891715170624579,
   3.380524280726874,
   2.092660915321416,
   1.5111956956621182,
   7.7409046318029935,
   10.38802928042393,
   21.336374516655244,
   33.43057377580372,
   15.388311024681279,
   9.392189040407796,
   8.300977141931993,
   14.86962818952497,
   9.311240837315287,
   5.353489831062963,
   9.58642867028761,
   4.731861051083398,
   3.310553673524851,
   3.1452433949007212,
   1.5136123534633756,
   4.160190080124008,
   5.5269598545613015,
   0.10634466813304326,
   5.882132550558946,
   2.701198399777786,
   0.4933440400498922
  ],
  "sigma_f": 1.007150288777334,
  "sigma_n": 0.036874398032915645,
  "floor": 0.001
 }
}