{
 "dataset": "pol",
 "seed": 1,
 "kind": "matern32",
 "ard": true,
 "mode": "in-core",
 "n_train": 13500,
 "n_test": 1500,
 "d": 26,
 "rmse": 0.1078948261080055,
 "nll": -0.9770769119990131,
 "nll_median": -1.2210765029367074,
 "n_pathological": 0,
 "coverage95": 0.954,
 "fit_s": 1.7714529410004616,
 "pred_s": 0.0016855180001584813,
 "relres": 3.8387311786019266e-11,
 "ir_steps": 6,
 "converged": true,
 "lambda_max": 3919.41952663244,
 "kappa_bound": 2893988.154743423,
 "hyperopt": {
  "evals": {
   "iso_sub": 80,
   "ard_sub": 1680,
   "full": 224
  },
  "full_polish": true,
  "lml_full": 9492.416792734974,
  "wall_s": 1157.533924121999,
  "ell": [
   1.0149587165681313,
   1.1793672171799345,
   2.0320299476802095,
   1.353630049401227,
   1.1977071032803424,
   11.56417573272561,
   13.64495320034025,
   28.506252971788125,
   22.170589683443893,
   13.845026230702317,
   9.114195639771921,
   6.227065952147246,
   8.634317105158303,
   3.654900726287792,
   3.734206122557163,
   5.095055597044288,
   4.555875370945846,
   1.9651588984598798,
   2.2663767497331984,
   1.779053927555004,
   1.6569751004064803,
   2.753294143158015,
   2.466930252093061,
   1.6810603220429317,
   2.0306782268094965,
   0.7377692113971446
  ],
  "sigma_f": 1.0,
  "sigma_n": 0.036801244162198696,
  "floor": 0.001
 }
}