{
 "dataset": "protein",
 "seed": 0,
 "kind": "matern32",
 "ard": true,
 "mode": "in-core",
 "protocol": "paper",
 "hyperopt_method": "nm",
 "n_train": 29267,
 "n_test": 9147,
 "d": 9,
 "rmse": 0.5801853990117536,
 "nll": 0.6629101970209694,
 "nll_median": 0.43320966009239503,
 "n_pathological": 3,
 "coverage95": 0.9264239641412485,
 "fit_s": 3.1001131469965912,
 "pred_s": 1.4987749680003617,
 "relres": 1.0887943521481935e-13,
 "ir_steps": 3,
 "converged": true,
 "lambda_max": 268.5426530010329,
 "kappa_bound": 33434.766211759306,
 "hyperopt": {
  "evals": {
   "iso_sub": 80,
   "ard_sub": 660,
   "lbfgsb_sub": 0,
   "full": 88
  },
  "method": "nm",
  "full_polish": true,
  "lml_full": -23151.123285555786,
  "wall_s": 466.1980884950026,
  "ell": [
   0.3647702860692953,
   128276.7529973588,
   0.9189579460764049,
   0.15614090502763617,
   0.5784010892562821,
   0.3782986583425351,
   0.09178684418046516,
   0.2620005825385403,
   0.20394381726881913
  ],
  "sigma_f": 0.9250367016723143,
  "sigma_n": 0.08962052674544968,
  "floor": 0.001
 }
}