{
 "dataset": "protein",
 "seed": 2,
 "kind": "matern32",
 "ard": true,
 "mode": "in-core",
 "protocol": "paper",
 "hyperopt_method": "hybrid",
 "n_train": 29267,
 "n_test": 9147,
 "d": 9,
 "rmse": 0.5761834541612812,
 "nll": 0.6850483969874072,
 "nll_median": 0.4211741606050848,
 "n_pathological": 3,
 "coverage95": 0.9303596807696513,
 "fit_s": 3.081168787990464,
 "pred_s": 0.0051954340015072376,
 "relres": 2.538590767339671e-13,
 "ir_steps": 3,
 "converged": true,
 "lambda_max": 497.6260105848647,
 "kappa_bound": 37731.54481775785,
 "hyperopt": {
  "evals": {
   "iso_sub": 80,
   "ard_sub": 660,
   "lbfgsb_sub": 769,
   "full": 88
  },
  "method": "hybrid",
  "full_polish": true,
  "lml_full": -23227.21467965073,
  "wall_s": 495.0427131309989,
  "ell": [
   0.3659815860362108,
   27.73834000607609,
   0.9382594060762398,
   0.20928259652691056,
   0.3665480179707131,
   0.35465994493593905,
   0.1013785077059447,
   0.3368478036769296,
   0.3729807160354437
  ],
  "sigma_f": 1.0226461884564344,
  "sigma_n": 0.11484160222762009,
  "floor": 0.001
 }
}