{
 "dataset": "protein",
 "seed": 0,
 "kind": "matern32",
 "ard": true,
 "mode": "in-core",
 "protocol": "paper",
 "hyperopt_method": "hybrid",
 "n_train": 29267,
 "n_test": 9147,
 "d": 9,
 "rmse": 0.5795835378149053,
 "nll": 0.6651946616397363,
 "nll_median": 0.42540766210263015,
 "n_pathological": 3,
 "coverage95": 0.9250027331365475,
 "fit_s": 3.1091644749976695,
 "pred_s": 1.496715175017016,
 "relres": 1.199140368578714e-13,
 "ir_steps": 3,
 "converged": true,
 "lambda_max": 283.58636624877454,
 "kappa_bound": 35307.709813628935,
 "hyperopt": {
  "evals": {
   "iso_sub": 80,
   "ard_sub": 660,
   "lbfgsb_sub": 205,
   "full": 88
  },
  "method": "hybrid",
  "full_polish": true,
  "lml_full": -23123.751519232537,
  "wall_s": 512.9055705379869,
  "ell": [
   0.3648385394334168,
   1284.6432494445062,
   0.9068127503884934,
   0.15611683388792594,
   0.6224829606775004,
   0.3423438146711101,
   0.09177561843445974,
   0.29673101356164505,
   0.20391298483672687
  ],
  "sigma_f": 0.9258524972913633,
  "sigma_n": 0.0896206108288273,
  "floor": 0.001
 }
}