{
 "dataset": "protein",
 "seed": 1,
 "kind": "matern32",
 "ard": true,
 "mode": "OOC",
 "n_train": 41157,
 "n_test": 4573,
 "d": 9,
 "rmse": 0.5343024812997997,
 "nll": 0.5906175340607428,
 "nll_median": 0.35908139066599304,
 "n_pathological": 3,
 "coverage95": 0.9381150229608572,
 "fit_s": 13.52718251299666,
 "pred_s": 1.6010232710032142,
 "relres": 9.750848174235233e-13,
 "ir_steps": 3,
 "converged": true,
 "lambda_max": 699.9928628935571,
 "kappa_bound": 44891.45218857265,
 "hyperopt": {
  "evals": {
   "iso_sub": 80,
   "ard_sub": 660,
   "full": 88
  },
  "full_polish": true,
  "lml_full": -31479.057418593507,
  "wall_s": 676.7474433780008,
  "ell": [
   1.6437531888770354,
   4.98657882193258,
   0.9681489588076925,
   0.19141336068569467,
   0.3944696144615748,
   0.3155250752354721,
   0.10776786449946107,
   0.32186942383467626,
   0.25595031252397565
  ],
  "sigma_f": 1.0435455851024056,
  "sigma_n": 0.12487197443805557,
  "floor": 0.001
 },
 "t_factor": 10.281969997995475,
 "t_ir": 3.2452125150011852,
 "host_gb": 3.723419236,
 "tiers": "pinned 3.7GB, vram-cache 3.7GB (11)"
}