{
 "dataset": "protein",
 "seed": 1,
 "kind": "matern32",
 "ard": true,
 "mode": "in-core",
 "protocol": "paper",
 "hyperopt_method": "hybrid",
 "n_train": 29267,
 "n_test": 9147,
 "d": 9,
 "rmse": 0.5587110178929677,
 "nll": 0.6590855151057415,
 "nll_median": 0.41547997176374046,
 "n_pathological": 5,
 "coverage95": 0.9275172187602493,
 "fit_s": 3.101369732990861,
 "pred_s": 0.005111753009259701,
 "relres": 2.8515228742273915e-13,
 "ir_steps": 3,
 "converged": true,
 "lambda_max": 517.6703178013893,
 "kappa_bound": 37135.63244767592,
 "hyperopt": {
  "evals": {
   "iso_sub": 80,
   "ard_sub": 660,
   "lbfgsb_sub": 421,
   "full": 88
  },
  "method": "hybrid",
  "full_polish": true,
  "lml_full": -23050.51409756132,
  "wall_s": 446.2424916550226,
  "ell": [
   0.3921546597528699,
   6.461963866681366,
   1.2391180471205965,
   0.2039638138452713,
   0.3804313396095152,
   0.3716464045065813,
   0.11279130545236722,
   0.31158855478189307,
   0.2685348040683502
  ],
  "sigma_f": 1.0216037089748056,
  "sigma_n": 0.11806773169900905,
  "floor": 0.001
 }
}