{
 "dataset": "protein",
 "seed": 2,
 "kind": "matern32",
 "ard": true,
 "mode": "OOC",
 "n_train": 41157,
 "n_test": 4573,
 "d": 9,
 "rmse": 0.5332906062025968,
 "nll": 0.593761818580826,
 "nll_median": 0.3523294290227987,
 "n_pathological": 3,
 "coverage95": 0.931773452875574,
 "fit_s": 13.442425449000439,
 "pred_s": 1.607832541994867,
 "relres": 1.0109372491303831e-12,
 "ir_steps": 3,
 "converged": true,
 "lambda_max": 606.5745187370401,
 "kappa_bound": 50443.052069606114,
 "hyperopt": {
  "evals": {
   "iso_sub": 80,
   "ard_sub": 660,
   "full": 88
  },
  "full_polish": true,
  "lml_full": -30824.66616130303,
  "wall_s": 653.3722257580012,
  "ell": [
   0.444359323085671,
   1.0966771986791848,
   1.0527323564553874,
   0.17436758027075197,
   0.39478815274554774,
   0.3301743053445558,
   0.11077489919329607,
   0.3011912347464846,
   0.27643120150536227
  ],
  "sigma_f": 1.005452350609328,
  "sigma_n": 0.1096582733360072,
  "floor": 0.001
 },
 "t_factor": 10.191446206001274,
 "t_ir": 3.250979242999165,
 "host_gb": 3.723419236,
 "tiers": "pinned 3.7GB, vram-cache 3.7GB (11)"
}