{
 "dataset": "protein",
 "seed": 1,
 "kind": "matern32",
 "ard": true,
 "mode": "in-core",
 "protocol": "paper",
 "hyperopt_method": "nm",
 "n_train": 29267,
 "n_test": 9147,
 "d": 9,
 "rmse": 0.5614002942210876,
 "nll": 0.6566747456540758,
 "nll_median": 0.4197209516282326,
 "n_pathological": 5,
 "coverage95": 0.9304690062315514,
 "fit_s": 3.075852923997445,
 "pred_s": 0.005078551999758929,
 "relres": 1.606128751965476e-13,
 "ir_steps": 3,
 "converged": true,
 "lambda_max": 441.6435225096378,
 "kappa_bound": 28154.605235956773,
 "hyperopt": {
  "evals": {
   "iso_sub": 80,
   "ard_sub": 660,
   "lbfgsb_sub": 0,
   "full": 88
  },
  "method": "nm",
  "full_polish": true,
  "lml_full": -23093.786117150652,
  "wall_s": 368.66284731202177,
  "ell": [
   0.4713513651843907,
   5.100628748185861,
   1.1813731246646548,
   0.2135765688147487,
   0.3312979058576768,
   0.35474980340328316,
   0.0999061665984854,
   0.3151652570202981,
   0.2482183794374531
  ],
  "sigma_f": 0.996382777545523,
  "sigma_n": 0.12524523483272737,
  "floor": 0.001
 }
}