{
 "dataset": "protein",
 "seed": 2,
 "kind": "matern32",
 "ard": true,
 "mode": "in-core",
 "protocol": "paper",
 "hyperopt_method": "nm",
 "n_train": 29267,
 "n_test": 9147,
 "d": 9,
 "rmse": 0.5757790856452205,
 "nll": 0.6830656598001223,
 "nll_median": 0.42614972095216463,
 "n_pathological": 3,
 "coverage95": 0.9293757516125506,
 "fit_s": 3.098218277998967,
 "pred_s": 0.005049822008004412,
 "relres": 2.1137111366849894e-13,
 "ir_steps": 3,
 "converged": true,
 "lambda_max": 484.4670177255727,
 "kappa_bound": 33635.55691008975,
 "hyperopt": {
  "evals": {
   "iso_sub": 80,
   "ard_sub": 660,
   "lbfgsb_sub": 0,
   "full": 88
  },
  "method": "nm",
  "full_polish": true,
  "lml_full": -23238.87725455821,
  "wall_s": 356.9341971529939,
  "ell": [
   0.3568442049661852,
   1.6131197570634237,
   0.9477646289251428,
   0.20395148494109303,
   0.3519508983498846,
   0.3312886521842905,
   0.10398777460007542,
   0.34390360458110963,
   0.37933596212533366
  ],
  "sigma_f": 1.0139177290569517,
  "sigma_n": 0.12001424477122515,
  "floor": 0.001
 }
}