{
 "dataset": "protein",
 "seed": 0,
 "kind": "matern32",
 "ard": true,
 "mode": "OOC",
 "n_train": 41157,
 "n_test": 4573,
 "d": 9,
 "rmse": 0.5477032902025044,
 "nll": 0.5393644083887651,
 "nll_median": 0.36003797589688685,
 "n_pathological": 1,
 "coverage95": 0.9396457467745463,
 "fit_s": 14.787583537021419,
 "pred_s": 2.924844060005853,
 "relres": 6.512693192831834e-13,
 "ir_steps": 3,
 "converged": true,
 "lambda_max": 483.6161505317349,
 "kappa_bound": 47650.53958342522,
 "hyperopt": {
  "evals": {
   "iso_sub": 80,
   "ard_sub": 660,
   "full": 88
  },
  "full_polish": true,
  "lml_full": -31246.465261713296,
  "wall_s": 692.9119985230209,
  "ell": [
   0.404408248651479,
   1.443581215281059,
   0.9826716325890226,
   0.24288812632012755,
   0.35834891953673415,
   0.4026433047558341,
   0.08287469443756985,
   0.25710725497193787,
   0.2332732491014397
  ],
  "sigma_f": 0.9999999999999999,
  "sigma_n": 0.10074337278482665,
  "floor": 0.001
 },
 "t_factor": 8.688168480002787,
 "t_ir": 6.099415057018632,
 "host_gb": 3.723419236,
 "tiers": "pinned 3.7GB",
 "ooc_backend": "fortran"
}