{
 "dataset": "protein",
 "seed": 0,
 "kind": "matern32",
 "ard": true,
 "mode": "OOC",
 "n_train": 41157,
 "n_test": 4573,
 "d": 9,
 "rmse": 0.5470516386594666,
 "nll": 0.5380988689838304,
 "nll_median": 0.3602076851668013,
 "n_pathological": 1,
 "coverage95": 0.9396457467745463,
 "fit_s": 13.487604607005778,
 "pred_s": 1.5981611280003563,
 "relres": 7.086816952179863e-13,
 "ir_steps": 3,
 "converged": true,
 "lambda_max": 483.09361915077875,
 "kappa_bound": 49411.59034868403,
 "hyperopt": {
  "evals": {
   "iso_sub": 80,
   "ard_sub": 660,
   "full": 88
  },
  "full_polish": true,
  "lml_full": -31244.659156776863,
  "wall_s": 692.2922498999978,
  "ell": [
   0.4151101295471217,
   1.454082836279331,
   0.9600186836652277,
   0.23565147899300762,
   0.3572345354758043,
   0.4011671755097099,
   0.0846427804170874,
   0.2564256887951746,
   0.2359264844881581
  ],
  "sigma_f": 0.9999999999999999,
  "sigma_n": 0.09887835543092761,
  "floor": 0.001
 },
 "t_factor": 10.232407341005455,
 "t_ir": 3.255197266000323,
 "host_gb": 3.723419236,
 "tiers": "pinned 3.7GB, vram-cache 3.7GB (11)"
}